{
    "prompt_Content Management": "用户，文章，页面，媒体文件，分类，标签，评论，菜单，模板，插件，文档，公告，新闻，链接，主题，作者，订阅，反馈，站点设置，评论管理，文件版本，访问权限，内容审核，草稿，发布计划，多语言支持，SEO设置，媒体库，文件权限，内容导出，统计报表，页面布局，导航设置，广告管理",
    "prompt_Customer Relationship Management": "客户，联系人，销售机会，活动，任务，合同，报价，订单，支付记录，服务请求，市场活动，客户反馈，客户分类，客户满意度，潜在客户，通讯记录，客户账户，服务历史，跟进记录，投诉处理，竞争对手，销售渠道，客户需求，市场分析，客户忠诚度，客户推荐，客户档案，售后服务，合同续签，客户调查",
    "prompt_Enterprise Resource Planning": "用户，产品，订单，客户，供应商，库存，发票，采购订单，财务记录，项目，生产计划，工单，预算，资产管理，成本中心，销售预测，采购需求，合同管理，报表，质量控制，库存管理，供应链，物料清单，物流，运输计划，订单履行，需求预测，工厂管理，设备维护，工艺流程，产能规划",
    "prompt_E_commerce": "用户，产品，订单，购物车，支付信息，地址，评论，分类，优惠券，库存，供应商，发票，运输，退货，商品标签，促销活动，客户服务记录，收藏夹，浏览历史，销售报表，商店信息，品牌，折扣，推荐商品，商品问答，配送方式，会员等级，积分，订单跟踪，库存预警",
    "prompt_Hospital Management": "患者，医生，预约，病历，药品，检查结果，账单，科室，护士，病房，手术记录，实验室测试，病人家属，保险信息，治疗计划，转诊记录，护理计划，住院记录，病史，康复记录，门诊记录，急诊记录，放射检查，诊断报告，疫苗记录，病人反馈，医护人员排班，医疗设备，健康教育，随访记录",
    "prompt_Human Resource Management": "员工，招聘，培训，考勤，薪酬，绩效评估，请假记录，职位，部门，福利，员工档案，合同，入职记录，离职记录，调岗记录，晋升记录，奖惩记录，绩效目标，工时记录，健康记录，员工发展计划，培训课程，员工满意度调查，工作评估，劳动合同，社保信息，员工关系，职业健康，福利申请，调薪记录，员工访谈",
    "prompt_Online Learning Management": "用户，课程，章节，作业，测试，成绩，讨论，证书，资源，课程进度，课件，教师，学生，课程安排，课程通知，学习目标，学习记录，考试安排，作业提交，作业批改，学分，课程反馈，在线考试，讨论区，直播课，学习计划，学生档案，教师评价，学习小组，课程资源下载，学生表现分析，学习报告",
    "prompt_Project Management": "用户，项目，任务，里程碑，进度，资源，时间表，风险，文档，反馈，项目计划，会议记录，决策记录，项目预算，项目变更，问题跟踪，项目日志，任务分配，项目成员，项目目标，项目进度报告，项目费用，工作分解结构，资源分配，项目评审，阶段交付物，项目通信，项目文档，项目总结，项目历史，冲突管理",
    "prompt_Supply Chain Management": "用户，供应商，产品，采购订单，库存，运输，仓库，物流，需求计划，采购计划，供需匹配，订单跟踪，供应商评价，运输路线，包装信息，发货单，库存预警，采购申请，成本分析，库存调拨，订单预测，物流伙伴，运输合同，库存周期，库存盘点，仓库布局，运输车队，供应链优化，供应链风险管理，订单分配",
    "prompt_Ticketing ": "用户，事件，票，订单，座位，支付信息，场地，时间表，优惠券，反馈，演出者，票种，出票记录，退票记录，场地图，访问控制，事件类型，宣传资料，票价方案，VIP服务，会员，活动日历，赞助商，安全检查，门票核销，票务代理，票务渠道，会员积分，会员权益，活动通知"
}